Index,Customer Id,First Name,Last Name,Company,City,Country,Phone 1,Phone 2,Email,Subscription Date
21,dEb9310eec04a8D,Cristina,Lam,Watts-Allison,West Jocelynfort,Korea,4292705811,(086)253-7505x70576,charlotte16@hood-zhang.org,1/4/20
22,ed3894D6DE7F711,Vicki,Heath,"Cherry, Schultz and Ruiz",Port Cameronbury,Bangladesh,(889)311-5580x6390,(260)437-9972,alan46@benjamin.com,11/6/20
23,EFeFaC727F12CDF,Glenn,Wang,Warner-Hodge,West Rachael,Gabon,834.104.6424x8311,001-741-628-9295,anna80@mata.com,1/1/22
24,c5CB6C5bFB91fdC,Darius,Benitez,Giles LLC,Mejiashire,Jersey,+1-797-864-3151x25142,139-216-5379x6030,garrettdurham@olsen.com,2/28/22
25,C30B3E82E8D89cC,Xavier,Cruz,Wiley Ltd,Mindyborough,Latvia,019-418-8625x65148,343.078.5725x91296,andersongrant@pugh.com,2/7/20
26,3d7bE19696ea8Ff,Douglas,Galloway,Duffy Inc,Eileenbury,Mongolia,+1-205-528-2409x137,8018224814,caleb11@velazquez.com,10/24/21
27,A093aA90fa014FE,Phyllis,Becker,Oneal and Sons,East Andre,Bouvet Island (Bouvetoya),-5794,(756)521-2942,darrylshort@bright-tucker.com,7/2/20
28,a470984c5dBfcC4,Ebony,Murphy,Barry-Martinez,Atkinsfurt,Vanuatu,772-492-3142,(877)635-9717,vpowers@moyer.com,2/17/20
29,b1d4abfbCb67feE,Tyler,Stevenson,Burns and Sons,North Joannashire,Sri Lanka,001-239-175-8518x52340,596.077.7972x616,mmayo@gilbert.com,3/2/22
30,d667bCC84Ff45Bb,Cesar,Bernard,Potter-Ho,Mccormickville,Iraq,165-366-3660x432,+1-579-640-2940x529,damon31@grant-morrison.com,9/4/21
31,Ccb07E00AFf32bA,Darrell,Santos,Boone-Dawson,Lake Dwayne,Liechtenstein,001-604-858-6371,+1-961-236-3156x46913,hdaniels@mason.com,11/4/21
32,bd04F2A7BD4F730,Amanda,Santiago,Roberts-Heath,Benjaminchester,United Arab Emirates,218-803-3440x413,1810375857,emmarasmussen@roman-walter.biz,5/6/21
33,f1157011c5eDbEB,Marcus,Mcdonald,Hays-Howell,East Brad,Azerbaijan,828.230.1201x748,+1-044-143-4194x927,cesar71@vang-wagner.com,6/25/20
34,7c4c673af703a09,Lauren,Montes,Cohen-Copeland,Tonyville,Armenia,001-999-585-7539x536,838-203-4008x6959,hodgebrenda@roach-winters.com,5/6/21
35,E7D7e40Cf3A03a2,Brent,Hinton,"Petersen, Blackburn and Meyers",Tommyland,Mexico,210.072.7539x0111,-6770,greg77@patel.biz,12/3/21
36,B98BacEebC40DBb,Jill,Mayo,"Woodard, Haas and Mason",Port Carlside,Cuba,+1-160-747-3624x8230,720-580-6452,brandypowers@christensen.com,10/4/20
37,d1c0dFab10a8383,Herbert,Byrd,Sheppard-Dougherty,Kimmouth,South Georgia and the South Sandwich Islands,(969)981-1275x78285,802.783.5805,gilloscar@webb.com,2/9/20
38,f21D2faCa0760A8,Don,Krueger,"Cortez, Hester and Villegas",Melendezland,Guinea,377-366-1889x912,001-379-218-7545x445,trevor14@harvey.com,3/2/20
39,11F97CBDd2C8de9,Cheryl,Gonzales,Walton-Drake,Pittmanmouth,Kenya,9016149714,494.355.0333,yvette30@haas-oneill.org,2/26/20
40,BEBA4fDAA6C4adC,Rickey,Mays,"Escobar, Carrillo and Sloan",Hollandshire,United States of America,042-976-4714x26341,245.657.5660,cmcdowell@riley-wolf.org,1/1/20