Index,Customer Id,First Name,Last Name,Company,City,Country,Phone 1,Phone 2
1,dE014d010c7ab0c,Andrew,Goodman,Stewart-Flynn,Rowlandberg,Macao,846-790-4623x4715,(422)787-2331x71127
2,2B54172c8b65eC3,Alvin,Lane,"Terry, Proctor and Lawrence",Bethside,Papua New Guinea,124-597-8652x05682,321.441.0588x6218
3,d794Dd48988d2ac,Jenna,Harding,Bailey Group,Moniquemouth,China,(335)987-3085x3780,001-680-204-8312
4,3b3Aa4aCc68f3Be,Fernando,Ford,Moss-Maxwell,Leeborough,Macao,(047)752-3122,048.779.5035x9122
5,D60df62ad2ae41E,Kara,Woods,Mccarthy-Kelley,Port Jacksonland,Nepal,+1-360-693-4419x19272,163-627-2565
6,8aaa5d0CE9ee311,Marissa,Gamble,Cherry and Sons,Webertown,Sudan,001-645-334-5514x0786,(751)980-3163
7,73B22Ac8A43DD1A,Julie,Cooley,"Yu, Norman and Sharp",West Sandra,Japan,+1-675-243-7422x9177,(703)337-5903
8,DC94CCd993D311b,Lauren,Villa,"French, Travis and Hensley",New Yolanda,Fiji,081.226.1797x647,186.540.9690x605
9,9Ba746Cb790FED9,Emily,Bryant,"Moon, Strickland and Combs",East Normanchester,Seychelles,430-401-5228x35091,115-835-3840
10,aAa1EDfaA70DA0c,Marie,Estrada,May Inc,Welchton,United Arab Emirates,001-648-790-9244,973-767-3611
11,bf104C25d0BA4E1,Nichole,Cannon,Rios and Sons,West Devon,Burundi,0647787401,139.476.1068
12,bf2fA37cbAd7dDc,Bernard,Ritter,Bradford and Sons,West Francisco,Palau,292.313.1902,(065)075-0554
13,4fa8ffcdBbf53bB,Darryl,Archer,Kerr-Cherry,Holtfurt,Uganda,(389)437-1716,092.364.7349x593
14,aBd960429ecd363,Ryan,Li,"Hooper, Cross and Holt",Batesville,Liechtenstein,001-119-787-0125x4500,001-477-254-3645
15,2a0c691Ce19C6f3,Vicki,Nunez,"Leonard, Galvan and Blackburn",Barbaraborough,Haiti,(217)474-0312,(098)195-0840x79579
16,B58fecf82f997Dd,Sean,Townsend,Preston-Sosa,Velasquezberg,Iran,001-534-283-5153,5786415664
17,41d0201DcF028b5,Sophia,Mathis,Richard-Velasquez,Toddhaven,Switzerland,001-858-762-7896x916,274-147-4185x15182
18,B1A1b09CD5C3b6a,Helen,Potts,"Rangel, Livingston and Patel",Douglasland,Seychelles,(140)862-2659,-8339
19,ba5a73D210dCcE4,Joann,Finley,Harvey PLC,Barrettshire,Montserrat,(941)715-8720x950,155.433.4824x955
20,F6cD561cecdfA6d,Thomas,Walsh,Best-Thomas,Roblesport,Kiribati,679.326.0724,001-305-038-6009